account_id,account_name,industry,plan_tier,seats,churn_label,latest_mrr,total_tickets,avg_satisfaction,engagement_score,tenure_months,churn_probability,risk_level
A-180abf,Company_122,DevTools,Pro,64,Churned,12736,3,1.0,0.451,8,95.38,Critical
A-180abf,Company_122,DevTools,Pro,64,Churned,12736,3,1.0,0.451,8,95.38,Critical
A-180abf,Company_122,DevTools,Pro,64,Churned,12736,3,1.0,0.451,6,94.23,Critical
A-180abf,Company_122,DevTools,Pro,64,Churned,12736,3,1.0,0.451,12,92.73,Critical
A-180abf,Company_122,DevTools,Pro,64,Churned,12736,3,1.0,0.451,3,91.9,Critical
A-32728c,Company_54,DevTools,Pro,20,Churned,980,2,3.5,0.3789,18,89.29,Critical
A-32728c,Company_54,DevTools,Pro,20,Churned,980,2,3.5,0.3789,17,88.98,Critical
A-0baac2,Company_264,FinTech,Enterprise,14,Churned,6169,6,2.17,0.4086,4,88.7,Critical
A-0baac2,Company_264,FinTech,Enterprise,14,Churned,6169,6,2.17,0.4086,4,88.7,Critical
A-9208f0,Company_79,EdTech,Pro,1,Churned,2786,8,1.25,0.6258,12,88.51,Critical
A-5a184f,Company_124,DevTools,Enterprise,1,Churned,9154,3,4.33,0.5068,9,87.43,Critical
A-9208f0,Company_79,EdTech,Pro,1,Churned,2786,8,1.25,0.6258,16,87.38,Critical
A-0baac2,Company_264,FinTech,Enterprise,14,Churned,6169,6,2.17,0.4086,6,87.34,Critical
A-9208f0,Company_79,EdTech,Pro,1,Churned,2786,8,1.25,0.6258,17,86.84,Critical
A-5a184f,Company_124,DevTools,Enterprise,1,Churned,9154,3,4.33,0.5068,14,85.98,Critical
A-9208f0,Company_79,EdTech,Pro,1,Churned,2786,8,1.25,0.6258,6,85.11,Critical
A-7a0d69,Company_187,DevTools,Enterprise,4,Churned,5174,2,2.5,0.4691,5,85.1,Critical
A-0baac2,Company_264,FinTech,Enterprise,14,Churned,6169,6,2.17,0.4086,1,85.0,Critical
A-7dacce,Company_8,Cybersecurity,Enterprise,12,Churned,13333,4,2.75,0.4751,2,84.25,Critical
A-7a0d69,Company_187,DevTools,Enterprise,4,Churned,5174,2,2.5,0.4691,6,84.09,Critical
A-9779ad,Company_171,Cybersecurity,Pro,40,Churned,7960,3,1.67,0.3988,4,83.02,Critical
A-9779ad,Company_171,Cybersecurity,Pro,40,Churned,7960,3,1.67,0.3988,4,83.02,Critical
A-7dacce,Company_8,Cybersecurity,Enterprise,12,Churned,13333,4,2.75,0.4751,3,83.0,Critical
A-b2225d,Company_50,FinTech,Basic,47,Churned,9353,2,1.5,0.5496,2,82.43,Critical
A-425e76,Company_110,DevTools,Enterprise,8,Churned,6368,5,2.0,0.4897,7,82.32,Critical
A-ccc747,Company_339,HealthTech,Pro,16,Churned,1813,4,1.25,0.385,6,81.71,Critical
A-ccc747,Company_339,HealthTech,Pro,16,Churned,1813,4,1.25,0.385,7,81.59,Critical
A-7a0d69,Company_187,DevTools,Enterprise,4,Churned,5174,2,2.5,0.4691,0,81.21,Critical
A-e83938,Company_111,DevTools,Pro,2,Churned,3184,4,0.75,0.3487,13,81.04,Critical
A-659280,Company_417,FinTech,Enterprise,13,Churned,6169,4,3.25,0.5476,8,80.91,Critical
A-659280,Company_417,FinTech,Enterprise,13,Churned,6169,4,3.25,0.5476,12,80.82,Critical
A-425e76,Company_110,DevTools,Enterprise,8,Churned,6368,5,2.0,0.4897,2,80.52,Critical
A-32728c,Company_54,DevTools,Pro,20,Churned,980,2,3.5,0.3789,0,80.29,Critical
A-271f46,Company_84,DevTools,Pro,38,Churned,9154,1,0.0,0.3679,18,80.23,Critical
A-425e76,Company_110,DevTools,Enterprise,8,Churned,6368,5,2.0,0.4897,3,80.17,Critical
A-b2225d,Company_50,FinTech,Basic,47,Churned,9353,2,1.5,0.5496,3,79.77,Critical
A-425e76,Company_110,DevTools,Enterprise,8,Churned,6368,5,2.0,0.4897,17,79.59,Critical
A-098560,Company_349,DevTools,Enterprise,1,Churned,5771,2,3.0,0.5046,7,79.48,Critical
A-e83938,Company_111,DevTools,Pro,2,Churned,3184,4,0.75,0.3487,8,78.94,Critical
A-d535f6,Company_421,DevTools,Basic,12,Churned,2388,0,0.0,0.396,2,78.74,Critical
A-84ebe4,Company_68,FinTech,Pro,18,Churned,8955,4,2.0,0.4475,9,78.37,Critical
A-84ebe4,Company_68,FinTech,Pro,18,Churned,8955,4,2.0,0.4475,10,78.22,Critical
A-0dbdc6,Company_366,Cybersecurity,Pro,30,Churned,9950,4,1.25,0.5318,9,78.15,Critical
A-038089,Company_156,DevTools,Pro,5,Churned,1764,6,1.83,0.3306,10,78.15,Critical
A-0dbdc6,Company_366,Cybersecurity,Pro,30,Churned,9950,4,1.25,0.5318,14,77.98,Critical
A-7641d3,Company_429,EdTech,Pro,8,Churned,2989,5,2.6,0.5583,15,77.87,Critical
A-098560,Company_349,DevTools,Enterprise,1,Churned,5771,2,3.0,0.5046,10,77.85,Critical
A-5a184f,Company_124,DevTools,Enterprise,1,Churned,9154,3,4.33,0.5068,1,77.64,Critical
A-038089,Company_156,DevTools,Pro,5,Churned,1764,6,1.83,0.3306,12,77.61,Critical
A-ccc747,Company_339,HealthTech,Pro,16,Churned,1813,4,1.25,0.385,3,77.43,Critical
A-2d1036,Company_399,FinTech,Pro,69,Churned,13731,5,4.6,0.5547,4,77.37,Critical
A-2d1036,Company_399,FinTech,Pro,69,Churned,13731,5,4.6,0.5547,4,77.37,Critical
A-9779ad,Company_171,Cybersecurity,Pro,40,Churned,7960,3,1.67,0.3988,0,77.28,Critical
A-b7b7b7,Company_338,FinTech,Basic,24,Churned,7761,3,3.33,0.5078,20,77.21,Critical
A-0f6450,Company_400,FinTech,Pro,28,Churned,5572,8,2.88,0.6779,0,77.21,Critical
A-0f6450,Company_400,FinTech,Pro,28,Churned,5572,8,2.88,0.6779,0,77.21,Critical
A-3be56b,Company_200,HealthTech,Pro,3,Churned,5970,4,3.5,0.5057,7,76.87,Critical
A-3be56b,Company_200,HealthTech,Pro,3,Churned,5970,4,3.5,0.5057,2,76.81,Critical
A-c222ab,Company_206,Cybersecurity,Pro,32,Churned,6368,4,1.25,0.4588,1,76.81,Critical
A-c222ab,Company_206,Cybersecurity,Pro,32,Churned,6368,4,1.25,0.4588,1,76.81,Critical
A-e83938,Company_111,DevTools,Pro,2,Churned,3184,4,0.75,0.3487,2,76.39,Critical
A-b2225d,Company_50,FinTech,Basic,47,Churned,9353,2,1.5,0.5496,0,76.27,Critical
A-4c6f11,Company_146,FinTech,Pro,24,Churned,4776,3,4.33,0.4033,7,76.02,Critical
A-7dacce,Company_8,Cybersecurity,Enterprise,12,Churned,13333,4,2.75,0.4751,0,75.74,Critical
A-8ed5dd,Company_222,EdTech,Enterprise,5,Churned,5970,6,2.5,0.5881,16,75.33,Critical
A-8ed5dd,Company_222,EdTech,Enterprise,5,Churned,5970,6,2.5,0.5881,16,75.33,Critical
A-13466a,Company_196,DevTools,Basic,2,Churned,7960,3,4.33,0.2451,5,74.87,High
A-4c6f11,Company_146,FinTech,Pro,24,Churned,4776,3,4.33,0.4033,10,74.38,High
A-13466a,Company_196,DevTools,Basic,2,Churned,7960,3,4.33,0.2451,0,74.36,High
A-d535f6,Company_421,DevTools,Basic,12,Churned,2388,0,0.0,0.396,1,74.19,High
A-271f46,Company_84,DevTools,Pro,38,Churned,9154,1,0.0,0.3679,0,73.98,High
A-c222ab,Company_206,Cybersecurity,Pro,32,Churned,6368,4,1.25,0.4588,4,73.78,High
A-6a7c9d,Company_324,Cybersecurity,Enterprise,26,Churned,5174,3,2.67,0.3221,0,73.77,High
A-6a7c9d,Company_324,Cybersecurity,Enterprise,26,Churned,5174,3,2.67,0.3221,0,73.77,High
A-1ac5e0,Company_126,DevTools,Basic,33,Churned,6567,7,2.71,0.6258,16,73.05,High
A-6f50ae,Company_466,FinTech,Pro,19,Churned,9950,5,3.6,0.6637,5,72.83,High
A-7641d3,Company_429,EdTech,Pro,8,Churned,2989,5,2.6,0.5583,8,72.43,High
A-e1b9cd,Company_484,DevTools,Pro,40,Churned,7960,1,3.0,0.4943,19,71.15,High
A-f19409,Company_105,DevTools,Basic,23,Churned,7960,3,1.33,0.589,2,70.55,High
A-34ea2f,Company_436,HealthTech,Enterprise,8,Churned,4179,8,2.38,0.641,2,70.3,High
A-32fb14,Company_25,DevTools,Enterprise,26,Churned,5174,5,1.8,0.5278,13,68.94,High
A-32fb14,Company_25,DevTools,Enterprise,26,Churned,5174,5,1.8,0.5278,12,68.26,High
A-95b24a,Company_117,FinTech,Pro,38,Churned,8557,5,3.4,0.5955,33,68.2,High
A-40de06,Company_369,Cybersecurity,Enterprise,28,Churned,5572,3,1.33,0.6164,34,68.12,High
A-32fb14,Company_25,DevTools,Enterprise,26,Churned,5174,5,1.8,0.5278,5,68.09,High
A-34ea2f,Company_436,HealthTech,Enterprise,8,Churned,4179,8,2.38,0.641,1,68.01,High
A-69b156,Company_396,EdTech,Pro,7,Churned,5572,7,2.29,0.4548,27,67.85,High
A-eafc6e,Company_149,DevTools,Pro,27,Churned,6766,1,0.0,0.3178,17,67.2,High
A-50f3f7,Company_140,HealthTech,Basic,31,Churned,8955,6,2.5,0.6107,26,66.96,High
A-bcf87c,Company_288,FinTech,Pro,10,Churned,6169,2,4.0,0.3783,20,66.65,High
A-443b7c,Company_280,Cybersecurity,Enterprise,1,Churned,13930,8,2.75,0.6632,18,65.95,High
A-5b4ebb,Company_69,Cybersecurity,Basic,21,Churned,12537,5,3.8,0.609,19,65.94,High
A-d5a319,Company_158,FinTech,Enterprise,15,Churned,13930,1,4.0,0.5299,34,65.56,High
A-6f50ae,Company_466,FinTech,Pro,19,Churned,9950,5,3.6,0.6637,1,65.01,High
A-69fad4,Company_103,FinTech,Basic,6,Churned,4378,4,2.75,0.4504,14,64.85,High
A-f19409,Company_105,DevTools,Basic,23,Churned,7960,3,1.33,0.589,0,64.82,High
A-7f8241,Company_42,EdTech,Pro,34,Churned,7164,1,3.0,0.4765,35,64.63,High
A-e693b6,Company_240,FinTech,Enterprise,55,Churned,10945,1,3.0,0.4952,16,64.52,High
A-1d5444,Company_427,Cybersecurity,Basic,24,Churned,8159,2,2.0,0.4538,4,64.24,High
A-08e34e,Company_32,EdTech,Basic,14,Churned,5970,3,2.0,0.5461,2,64.21,High
A-4c38bc,Company_55,HealthTech,Basic,36,Churned,7164,3,2.33,0.6541,24,63.98,High
A-ffdfd5,Company_365,EdTech,Basic,3,Churned,5970,0,0.0,0.3781,3,63.81,High
A-e89151,Company_234,FinTech,Pro,8,Churned,8756,2,2.5,0.4976,29,63.68,High
A-30b4ca,Company_23,EdTech,Basic,86,Churned,17114,3,1.33,0.4486,3,63.19,High
A-d922bf,Company_221,HealthTech,Basic,5,Churned,6368,7,1.43,0.5309,14,63.09,High
A-ce550d,Company_4,HealthTech,Enterprise,35,Churned,21691,7,2.71,0.7353,2,62.52,High
A-b11cd0,Company_439,DevTools,Pro,26,Churned,1764,4,2.0,0.3583,37,62.27,High
A-9ee962,Company_59,HealthTech,Basic,9,Churned,5771,3,1.33,0.4286,19,62.1,High
A-89ee83,Company_312,Cybersecurity,Pro,1,Churned,7960,5,2.4,0.5246,17,62.01,High
A-7df7a7,Company_125,DevTools,Basic,7,Churned,8955,3,4.0,0.5944,17,61.7,High
A-503d5a,Company_99,FinTech,Enterprise,4,Churned,11144,9,1.33,0.817,28,61.59,High
A-e4bf56,Company_272,HealthTech,Pro,17,Churned,7363,8,2.75,0.5581,16,61.51,High
A-0e966d,Company_493,FinTech,Basic,11,Churned,4577,3,3.0,0.5266,20,61.49,High
A-4e960a,Company_277,FinTech,Enterprise,12,Churned,14129,6,2.0,0.5761,25,61.48,High
A-7c4956,Company_254,DevTools,Enterprise,5,Churned,1194,3,1.33,0.431,34,61.48,High
A-fce879,Company_291,EdTech,Pro,10,Churned,3781,2,4.0,0.4609,2,61.28,High
A-117171,Company_135,HealthTech,Basic,45,Churned,8955,6,1.83,0.2882,2,61.01,High
A-117171,Company_135,HealthTech,Basic,45,Churned,8955,6,1.83,0.2882,1,60.59,High
A-117171,Company_135,HealthTech,Basic,45,Churned,8955,6,1.83,0.2882,1,60.59,High
A-439b2f,Company_152,DevTools,Enterprise,1,Churned,1274,3,0.0,0.2195,8,60.44,High
A-43a9e3,Company_1,FinTech,Basic,18,Churned,5572,3,4.0,0.3689,30,60.43,High
A-10b8da,Company_9,DevTools,Enterprise,14,Churned,3383,3,2.33,0.3332,34,60.05,High
A-cea1f0,Company_273,FinTech,Pro,8,Churned,4378,5,2.6,0.5245,23,59.75,High
A-1e50e0,Company_415,Cybersecurity,Pro,19,Churned,4802,2,2.5,0.2974,8,59.65,High
A-ab438f,Company_233,Cybersecurity,Enterprise,13,Churned,5970,2,3.5,0.3982,2,59.43,High
A-4814a3,Company_337,Cybersecurity,Basic,87,Churned,17313,4,1.0,0.5593,2,59.4,High
A-b07b56,Company_292,DevTools,Pro,25,Churned,4975,4,0.75,0.5479,1,59.21,High
A-4e44e8,Company_22,DevTools,Enterprise,3,Churned,15522,3,3.33,0.5372,1,58.99,High
A-f97b9a,Company_159,FinTech,Pro,16,Retained,7164,7,1.57,0.6174,32,58.7,High
A-4e44e8,Company_22,DevTools,Enterprise,3,Churned,15522,3,3.33,0.5372,0,58.62,High
A-600734,Company_327,DevTools,Pro,29,Churned,5771,7,1.57,0.6563,27,58.2,High
A-35083d,Company_27,HealthTech,Basic,19,Churned,9751,4,3.75,0.6002,34,57.92,High
A-4c56c9,Company_449,FinTech,Enterprise,9,Churned,9751,5,3.0,0.6222,3,57.88,High
A-902ef7,Company_270,HealthTech,Enterprise,83,Churned,16517,2,2.0,0.5369,0,57.4,High
A-d82ef9,Company_355,EdTech,Basic,26,Churned,5174,5,3.4,0.5901,1,56.7,High
A-9c18c4,Company_481,HealthTech,Pro,11,Churned,3781,4,2.0,0.5456,31,56.34,High
A-4ae22a,Company_229,EdTech,Pro,6,Churned,5572,3,1.0,0.5299,2,55.52,High
A-0f3e88,Company_428,HealthTech,Basic,7,Churned,2189,3,3.0,0.5191,12,55.23,High
A-b07346,Company_269,HealthTech,Pro,51,Churned,10149,3,2.33,0.4082,1,55.15,High
A-1e50e0,Company_415,Cybersecurity,Pro,19,Churned,4802,2,2.5,0.2974,14,55.0,High
A-fce879,Company_291,EdTech,Pro,10,Churned,3781,2,4.0,0.4609,0,54.95,High
A-439b2f,Company_152,DevTools,Enterprise,1,Churned,1274,3,0.0,0.2195,5,54.7,High
A-d26ab4,Company_497,DevTools,Basic,9,Churned,6567,2,2.0,0.34,1,54.7,High
A-8b25f2,Company_96,Cybersecurity,Pro,6,Churned,5572,2,4.0,0.4449,24,54.6,High
A-7f6b86,Company_299,HealthTech,Basic,45,Churned,11741,7,1.57,0.5946,10,53.84,High
A-977ca0,Company_232,HealthTech,Basic,6,Churned,18109,3,1.33,0.6155,36,52.79,High
A-88c6ca,Company_179,FinTech,Basic,5,Churned,2401,1,0.0,0.395,16,51.35,High
A-08e34e,Company_32,EdTech,Basic,14,Churned,5970,3,2.0,0.5461,0,50.31,High
A-eafc6e,Company_149,DevTools,Pro,27,Churned,6766,1,0.0,0.3178,0,49.26,Medium
A-692f18,Company_195,EdTech,Basic,5,Churned,7363,2,2.5,0.5614,8,47.51,Medium
A-068fc6,Company_465,EdTech,Enterprise,35,Retained,6965,5,2.6,0.6117,31,47.48,Medium
A-7f29a7,Company_386,Cybersecurity,Basic,41,Retained,8159,1,4.0,0.4371,0,47.23,Medium
A-c37cab,Company_278,Cybersecurity,Pro,13,Retained,19502,4,3.75,0.5654,2,46.73,Medium
A-c37cab,Company_278,Cybersecurity,Pro,13,Retained,19502,4,3.75,0.5654,3,46.3,Medium
A-c608c8,Company_199,DevTools,Pro,3,Churned,2842,2,1.5,0.4824,13,45.57,Medium
A-ad296b,Company_112,DevTools,Pro,38,Retained,7562,3,3.67,0.4272,19,44.71,Medium
A-2f6a32,Company_160,HealthTech,Basic,19,Retained,1617,2,3.5,0.5107,18,43.04,Medium
A-4d1e75,Company_58,DevTools,Basic,20,Retained,12338,2,4.0,0.4184,0,42.68,Medium
A-f17767,Company_123,DevTools,Enterprise,1,Churned,7761,3,2.67,0.5749,3,42.66,Medium
A-cbd1a3,Company_325,DevTools,Basic,6,Churned,5572,4,2.0,0.474,15,41.87,Medium
A-bb2f49,Company_356,Cybersecurity,Pro,8,Retained,9751,3,2.67,0.5335,33,41.43,Medium
A-3ce5b8,Company_256,FinTech,Basic,8,Churned,9261,10,2.6,0.6645,12,41.36,Medium
A-019782,Company_142,DevTools,Enterprise,11,Retained,3184,2,1.5,0.4304,34,41.07,Medium
A-66224b,Company_87,HealthTech,Pro,92,Retained,18308,6,3.5,0.6546,16,40.17,Medium
A-427b69,Company_453,FinTech,Basic,17,Retained,6766,2,1.5,0.5083,18,39.39,Medium
A-f03140,Company_209,DevTools,Pro,27,Retained,5373,7,1.57,0.7083,10,39.0,Medium
A-ff79f2,Company_165,DevTools,Basic,8,Churned,16517,2,0.0,0.4113,22,38.86,Medium
A-0532a9,Company_170,FinTech,Pro,19,Retained,5373,8,0.38,0.6191,0,38.81,Medium
A-3c1a3f,Company_224,DevTools,Pro,1,Retained,5771,4,1.75,0.5675,30,38.8,Medium
A-ad3abd,Company_410,FinTech,Pro,44,Retained,8756,3,2.0,0.3748,4,38.2,Medium
A-798a3f,Company_463,DevTools,Enterprise,12,Churned,5174,5,2.4,0.3584,9,37.93,Medium
A-cc98bc,Company_469,DevTools,Basic,32,Retained,6368,3,1.33,0.4833,33,37.76,Medium
A-ac9111,Company_487,HealthTech,Pro,21,Retained,6368,3,1.67,0.6058,10,37.58,Medium
A-eb2fdc,Company_216,DevTools,Enterprise,31,Churned,9353,5,3.6,0.5691,6,37.26,Medium
A-54d94a,Company_385,Cybersecurity,Basic,27,Retained,2548,4,1.75,0.5219,34,36.51,Medium
A-e6afc1,Company_346,DevTools,Pro,1,Retained,10149,0,0.0,0.4287,36,36.28,Medium
A-104f1a,Company_89,Cybersecurity,Pro,24,Retained,6027,5,3.0,0.57,3,36.06,Medium
A-a0ca4e,Company_6,Cybersecurity,Pro,11,Retained,5174,6,3.17,0.4798,24,35.86,Medium
A-410e86,Company_210,FinTech,Basic,24,Retained,4776,5,1.4,0.4669,15,35.31,Medium
A-4f18f0,Company_145,DevTools,Pro,24,Retained,11741,5,3.2,0.5754,7,34.91,Medium
A-139c3b,Company_185,HealthTech,Enterprise,10,Churned,3582,9,2.0,0.658,15,34.75,Medium
A-151c9a,Company_260,FinTech,Enterprise,23,Retained,4577,2,3.5,0.4879,9,34.63,Medium
A-149a69,Company_302,DevTools,Basic,34,Retained,6766,8,2.62,0.4033,1,34.43,Medium
A-de24d5,Company_231,DevTools,Enterprise,5,Retained,7363,7,0.86,0.552,16,34.41,Medium
A-49b828,Company_391,FinTech,Pro,6,Retained,9751,3,2.33,0.4873,34,34.37,Medium
A-4e631b,Company_298,FinTech,Enterprise,22,Retained,7960,2,2.0,0.4958,23,34.1,Medium
A-560d27,Company_266,DevTools,Pro,23,Retained,14129,4,2.75,0.5151,22,33.85,Medium
A-acb7f7,Company_330,EdTech,Basic,32,Retained,6368,3,2.33,0.514,2,33.73,Medium
A-00cac8,Company_26,HealthTech,Enterprise,8,Retained,7761,2,0.0,0.4601,29,33.47,Medium
A-6a4e2d,Company_46,EdTech,Pro,9,Retained,4378,2,4.5,0.4239,15,33.22,Medium
A-8b0451,Company_245,FinTech,Enterprise,41,Retained,8159,7,2.0,0.651,3,33.15,Medium
A-cab532,Company_218,DevTools,Pro,11,Retained,4975,1,4.0,0.5043,15,32.98,Medium
A-c4ea60,Company_18,FinTech,Enterprise,18,Churned,3582,5,3.6,0.5198,36,32.33,Medium
A-91e948,Company_88,EdTech,Basic,41,Retained,8159,0,0.0,0.3314,37,32.31,Medium
A-2d4502,Company_45,FinTech,Basic,7,Retained,8159,3,3.33,0.4309,0,32.26,Medium
A-fabe19,Company_97,DevTools,Enterprise,1,Retained,6368,3,1.33,0.4007,15,32.26,Medium
A-186a44,Company_101,HealthTech,Enterprise,20,Retained,9353,7,2.0,0.6833,31,32.22,Medium
A-e98302,Company_286,EdTech,Enterprise,16,Retained,6766,9,3.22,0.4331,26,32.13,Medium
A-ce66f8,Company_17,EdTech,Pro,29,Retained,7363,6,1.17,0.5403,30,32.03,Medium
A-039727,Company_107,EdTech,Pro,25,Retained,5970,0,0.0,0.5206,1,31.93,Medium
A-716841,Company_437,FinTech,Pro,45,Retained,8955,5,2.4,0.4851,6,31.74,Medium
A-ba6516,Company_154,FinTech,Pro,27,Retained,7562,6,2.67,0.6932,4,31.57,Medium
A-712f1c,Company_331,DevTools,Basic,17,Churned,14925,6,2.67,0.5883,10,31.48,Medium
A-fe79a5,Company_81,HealthTech,Basic,9,Retained,4577,4,2.5,0.3784,24,31.36,Medium
A-f446b6,Company_36,DevTools,Pro,5,Retained,3582,8,2.12,0.5672,33,31.33,Medium
A-72799b,Company_394,DevTools,Enterprise,20,Churned,3980,2,4.5,0.4416,5,31.19,Medium
A-86902e,Company_169,HealthTech,Enterprise,34,Retained,12139,9,1.56,0.7599,19,31.06,Medium
A-700ade,Company_472,Cybersecurity,Enterprise,1,Retained,9552,4,3.5,0.3475,16,31.04,Medium
A-751c58,Company_393,FinTech,Basic,15,Retained,5174,5,2.6,0.617,4,30.85,Medium
A-751c58,Company_393,FinTech,Basic,15,Retained,5174,5,2.6,0.617,3,30.83,Medium
A-fdfc91,Company_414,Cybersecurity,Basic,29,Retained,9353,5,2.2,0.5546,34,30.69,Medium
A-726cfa,Company_82,DevTools,Pro,11,Retained,7562,3,2.67,0.6561,13,30.52,Medium
A-9123ac,Company_219,Cybersecurity,Pro,9,Retained,8358,6,3.5,0.5364,16,30.46,Medium
A-970c97,Company_477,HealthTech,Enterprise,14,Retained,5572,1,5.0,0.3856,24,30.26,Medium
A-812c5b,Company_395,DevTools,Basic,55,Churned,10945,4,2.0,0.631,2,30.16,Medium
A-bc87bc,Company_456,FinTech,Pro,3,Retained,6169,7,2.14,0.5819,19,30.14,Medium
A-3932db,Company_144,HealthTech,Pro,19,Churned,6965,6,2.17,0.5134,29,30.12,Medium
A-b44e3e,Company_383,Cybersecurity,Basic,40,Retained,15721,3,4.33,0.3589,2,30.04,Medium
A-52dd88,Company_127,Cybersecurity,Pro,23,Retained,5174,1,0.0,0.4835,36,29.91,Medium
A-19b2c8,Company_476,DevTools,Pro,20,Retained,5572,3,4.67,0.5085,14,29.81,Medium
A-2bc93d,Company_43,HealthTech,Basic,14,Retained,7960,2,4.5,0.5327,17,29.8,Medium
A-e61e98,Company_115,FinTech,Enterprise,19,Churned,6766,6,3.83,0.5149,11,29.78,Medium
A-94d3da,Company_61,HealthTech,Basic,41,Retained,8159,6,2.33,0.5583,11,29.74,Medium
A-f6b2fb,Company_418,DevTools,Basic,23,Retained,9751,5,2.4,0.5183,2,29.55,Medium
A-cb6cc6,Company_419,DevTools,Basic,13,Retained,1225,3,2.33,0.3427,35,29.53,Medium
A-76fa4d,Company_226,HealthTech,Pro,69,Retained,13731,5,3.6,0.4647,0,29.46,Medium
A-76fa4d,Company_226,HealthTech,Pro,69,Retained,13731,5,3.6,0.4647,0,29.46,Medium
A-0651a4,Company_255,HealthTech,Pro,16,Retained,12935,4,2.0,0.5881,2,29.4,Medium
A-6843f2,Company_335,HealthTech,Enterprise,21,Retained,4179,2,3.0,0.3563,14,28.94,Medium
A-b30291,Company_344,HealthTech,Basic,5,Churned,3184,1,0.0,0.4295,4,28.92,Medium
A-2e3bad,Company_108,FinTech,Pro,61,Retained,12139,5,1.4,0.4343,7,28.78,Medium
A-2922b6,Company_70,HealthTech,Basic,15,Retained,6965,2,2.0,0.4315,1,28.7,Medium
A-7da956,Company_141,Cybersecurity,Pro,13,Retained,2985,3,1.67,0.4614,21,28.65,Medium
A-7920cc,Company_412,Cybersecurity,Pro,39,Retained,13731,7,1.86,0.6363,27,28.63,Medium
A-089363,Company_387,FinTech,Basic,2,Retained,8557,3,3.67,0.5311,6,28.43,Medium
A-6e08f3,Company_220,Cybersecurity,Basic,8,Retained,5572,2,3.5,0.4298,11,28.18,Medium
A-8adedc,Company_300,EdTech,Basic,4,Churned,11343,4,1.0,0.5147,24,28.17,Medium
A-7988d1,Company_90,Cybersecurity,Basic,33,Retained,6567,3,4.33,0.4851,0,28.1,Medium
A-ff3c73,Company_244,HealthTech,Pro,21,Retained,1254,2,3.5,0.5088,15,28.01,Medium
A-0354fe,Company_380,Cybersecurity,Basic,34,Retained,6766,4,2.0,0.5287,1,27.91,Medium
A-0354fe,Company_380,Cybersecurity,Basic,34,Retained,6766,4,2.0,0.5287,0,27.76,Medium
A-1f559b,Company_357,HealthTech,Enterprise,5,Churned,5174,5,4.2,0.4905,12,27.75,Medium
A-d4e0d4,Company_403,FinTech,Basic,117,Retained,23283,4,2.0,0.5014,16,27.71,Medium
A-075038,Company_397,HealthTech,Basic,17,Retained,5047,2,3.0,0.4827,15,27.71,Medium
A-7f4db3,Company_441,FinTech,Pro,4,Retained,8955,5,2.6,0.7083,0,27.59,Medium
A-42e5e1,Company_118,DevTools,Pro,1,Churned,4378,3,4.0,0.3836,2,27.58,Medium
A-2bc93d,Company_43,HealthTech,Basic,14,Retained,7960,2,4.5,0.5327,4,27.52,Medium
A-b9f5b1,Company_494,Cybersecurity,Pro,15,Retained,2985,6,3.33,0.4067,5,27.48,Medium
A-e7beab,Company_458,EdTech,Enterprise,5,Retained,4179,6,2.67,0.5174,6,27.34,Medium
A-ed510f,Company_361,Cybersecurity,Basic,42,Retained,8358,9,1.78,0.6476,3,27.18,Medium
A-104f1a,Company_89,Cybersecurity,Pro,24,Retained,6027,5,3.0,0.57,0,27.15,Medium
A-104f1a,Company_89,Cybersecurity,Pro,24,Retained,6027,5,3.0,0.57,0,27.15,Medium
A-9123ac,Company_219,Cybersecurity,Pro,9,Retained,8358,6,3.5,0.5364,9,27.13,Medium
A-c45b23,Company_75,FinTech,Basic,5,Retained,5174,3,1.0,0.5257,3,27.12,Medium
A-cbbe12,Company_450,Cybersecurity,Enterprise,40,Retained,7960,6,2.83,0.1948,35,27.03,Medium
A-bd4708,Company_257,FinTech,Pro,37,Retained,7363,4,1.75,0.5953,19,27.0,Medium
A-65a46c,Company_95,HealthTech,Pro,1,Retained,15522,8,2.5,0.5024,28,26.94,Medium
A-f9cc74,Company_360,DevTools,Enterprise,30,Retained,5970,6,3.33,0.5117,16,26.88,Medium
A-e4144b,Company_316,EdTech,Pro,41,Retained,8159,3,2.67,0.4418,16,26.87,Medium
A-054577,Company_455,EdTech,Basic,2,Retained,16915,1,4.0,0.4577,22,26.85,Medium
A-249769,Company_214,Cybersecurity,Enterprise,4,Churned,11144,2,4.0,0.4661,7,26.78,Medium
A-883b7d,Company_313,Cybersecurity,Basic,17,Retained,9950,7,2.57,0.6862,23,26.77,Medium
A-756192,Company_390,FinTech,Basic,19,Retained,7761,3,2.67,0.5066,32,26.75,Medium
A-9badbd,Company_63,Cybersecurity,Enterprise,5,Retained,11741,5,2.0,0.6517,20,26.71,Medium
A-832ec2,Company_19,FinTech,Enterprise,4,Retained,4378,3,2.67,0.5221,9,26.48,Medium
A-cdf020,Company_345,DevTools,Pro,23,Retained,4577,4,3.0,0.4278,3,26.46,Medium
A-1f7acb,Company_281,FinTech,Basic,64,Retained,12736,7,3.14,0.5657,31,26.39,Medium
A-0a282f,Company_2,DevTools,Basic,1,Retained,5771,3,4.67,0.5818,4,26.36,Medium
A-7d514c,Company_119,HealthTech,Enterprise,17,Retained,8557,3,1.67,0.4895,25,26.34,Medium
A-474ad4,Company_261,EdTech,Basic,8,Retained,4776,3,1.67,0.5256,27,26.21,Medium
A-e36807,Company_164,EdTech,Pro,6,Retained,2786,2,4.5,0.4005,21,26.21,Medium
A-751bd4,Company_408,Cybersecurity,Pro,10,Retained,190,6,2.83,0.2369,2,26.18,Medium
A-cdf020,Company_345,DevTools,Pro,23,Retained,4577,4,3.0,0.4278,14,26.17,Medium
A-5c046d,Company_130,EdTech,Basic,93,Retained,18507,1,3.0,0.3657,20,26.11,Medium
A-a1bbb6,Company_74,DevTools,Basic,1,Retained,5572,3,1.33,0.4099,35,26.1,Medium
A-249769,Company_214,Cybersecurity,Enterprise,4,Churned,11144,2,4.0,0.4661,1,26.07,Medium
A-cd458b,Company_430,DevTools,Basic,10,Retained,9353,5,4.6,0.703,4,26.05,Medium
A-c7e58b,Company_404,HealthTech,Pro,3,Retained,1990,5,2.8,0.4222,32,26.0,Medium
A-80eeb6,Company_402,Cybersecurity,Enterprise,22,Retained,17711,4,2.75,0.6356,9,25.92,Medium
A-80eeb6,Company_402,Cybersecurity,Enterprise,22,Retained,17711,4,2.75,0.6356,5,25.9,Medium
A-a2485e,Company_467,FinTech,Pro,3,Retained,3383,0,0.0,0.4142,19,25.89,Medium
A-45ce7a,Company_31,FinTech,Enterprise,16,Retained,3184,5,2.2,0.4453,31,25.86,Medium
A-794a0b,Company_168,HealthTech,Basic,23,Retained,6169,0,0.0,0.3314,15,25.82,Medium
A-96e141,Company_134,DevTools,Basic,14,Retained,4975,5,2.6,0.3598,13,25.63,Medium
A-ff3c73,Company_244,HealthTech,Pro,21,Retained,1254,2,3.5,0.5088,10,25.62,Medium
A-5fe118,Company_374,Cybersecurity,Enterprise,39,Retained,7761,1,4.0,0.2215,1,25.54,Medium
A-b9eed8,Company_189,Cybersecurity,Basic,11,Retained,6766,5,3.0,0.5309,2,25.38,Medium
A-4f18f0,Company_145,DevTools,Pro,24,Retained,11741,5,3.2,0.5754,1,25.31,Medium
A-6c093d,Company_12,DevTools,Basic,7,Retained,12139,3,1.67,0.5599,34,25.29,Medium
A-a6d261,Company_303,FinTech,Pro,9,Retained,20497,4,3.5,0.6029,3,25.28,Medium
A-bcf664,Company_248,DevTools,Pro,5,Retained,2587,5,2.4,0.6002,16,25.19,Medium
A-9289f6,Company_104,EdTech,Enterprise,1,Retained,3969,6,2.17,0.6379,2,25.14,Medium
A-331424,Company_246,DevTools,Basic,11,Retained,2189,2,0.0,0.3845,3,25.1,Medium
A-b48f73,Company_225,EdTech,Pro,80,Retained,15920,3,2.67,0.3643,15,24.97,Low
A-bf7919,Company_426,HealthTech,Pro,3,Retained,735,2,2.5,0.3502,0,24.94,Low
A-bf7919,Company_426,HealthTech,Pro,3,Retained,735,2,2.5,0.3502,0,24.94,Low
A-7988d1,Company_90,Cybersecurity,Basic,33,Retained,6567,3,4.33,0.4851,5,24.93,Low
A-92a333,Company_116,FinTech,Enterprise,9,Retained,6567,4,0.0,0.3785,35,24.92,Low
A-fa2041,Company_211,HealthTech,Pro,15,Retained,3582,1,3.0,0.4197,1,24.78,Low
A-02fac6,Company_52,FinTech,Pro,22,Retained,4577,6,1.33,0.617,16,24.71,Low
A-3b37d9,Company_384,FinTech,Enterprise,23,Retained,4577,5,1.8,0.4783,20,24.7,Low
A-cc8c8f,Company_482,DevTools,Enterprise,23,Retained,5572,2,3.5,0.245,2,24.68,Low
A-96e141,Company_134,DevTools,Basic,14,Retained,4975,5,2.6,0.3598,11,24.64,Low
A-f19b24,Company_462,Cybersecurity,Pro,29,Retained,1421,2,2.0,0.3234,37,24.62,Low
A-e60f9d,Company_178,FinTech,Basic,29,Retained,11542,2,0.0,0.4133,18,24.62,Low
A-22d9d2,Company_188,DevTools,Pro,8,Retained,4508,6,2.67,0.7371,6,24.58,Low
A-02cd81,Company_76,HealthTech,Basic,44,Retained,8756,3,3.0,0.5292,1,24.54,Low
A-3b37d9,Company_384,FinTech,Enterprise,23,Retained,4577,5,1.8,0.4783,10,24.5,Low
A-55f257,Company_496,FinTech,Basic,9,Retained,4577,6,3.33,0.5371,26,24.41,Low
A-59f724,Company_432,HealthTech,Enterprise,3,Retained,4378,4,4.25,0.6181,28,24.3,Low
A-0651a4,Company_255,HealthTech,Pro,16,Retained,12935,4,2.0,0.5881,1,24.23,Low
A-d3c88e,Company_490,DevTools,Pro,16,Retained,9353,3,1.33,0.5628,1,24.22,Low
A-d27f50,Company_163,Cybersecurity,Enterprise,44,Retained,9552,4,3.75,0.5453,19,24.16,Low
A-b7724f,Company_320,HealthTech,Basic,1,Retained,1349,3,2.0,0.3722,17,24.14,Low
A-a8d89d,Company_326,EdTech,Pro,13,Retained,15522,2,2.5,0.5025,8,24.11,Low
A-ced9aa,Company_310,DevTools,Enterprise,3,Retained,1194,7,0.43,0.6416,17,24.05,Low
A-94c3cd,Company_351,FinTech,Enterprise,32,Retained,6368,4,1.75,0.3832,29,24.01,Low
A-7e0a10,Company_64,FinTech,Enterprise,46,Retained,13930,5,1.6,0.6417,10,24.0,Low
A-7988d1,Company_90,Cybersecurity,Basic,33,Retained,6567,3,4.33,0.4851,12,23.96,Low
A-b20d99,Company_29,HealthTech,Basic,20,Retained,3980,2,3.5,0.3732,5,23.82,Low
A-fb186e,Company_131,EdTech,Basic,29,Retained,5771,6,1.83,0.3829,16,23.8,Low
A-05d3b3,Company_213,DevTools,Basic,9,Retained,3781,6,2.17,0.6365,15,23.78,Low
A-bece89,Company_128,Cybersecurity,Pro,26,Retained,5174,4,3.0,0.2289,7,23.78,Low
A-4a4c2d,Company_473,DevTools,Enterprise,54,Retained,10746,5,3.4,0.5128,34,23.7,Low
A-a1b80b,Company_184,HealthTech,Basic,16,Retained,10348,4,3.0,0.6087,7,23.66,Low
A-5f7781,Company_483,DevTools,Pro,22,Retained,4378,2,2.0,0.3769,4,23.55,Low
A-bcbe98,Company_452,Cybersecurity,Enterprise,46,Retained,9154,7,1.71,0.6468,3,23.33,Low
A-9174e0,Company_73,Cybersecurity,Basic,37,Retained,7363,2,2.5,0.5168,15,23.32,Low
A-f92792,Company_67,FinTech,Pro,1,Retained,6965,2,2.0,0.4557,3,23.29,Low
A-e08cd3,Company_475,FinTech,Pro,67,Retained,13333,8,2.0,0.6168,0,23.28,Low
A-f44180,Company_376,Cybersecurity,Pro,9,Retained,17711,2,5.0,0.444,2,23.22,Low
A-0158bb,Company_461,FinTech,Basic,5,Retained,2205,1,3.0,0.35,21,23.21,Low
A-1f0636,Company_368,EdTech,Pro,105,Retained,20895,2,3.5,0.5114,26,23.2,Low
A-44dc83,Company_35,EdTech,Basic,5,Retained,456,7,3.29,0.3923,6,23.2,Low
A-bcf664,Company_248,DevTools,Pro,5,Retained,2587,5,2.4,0.6002,14,23.13,Low
A-bcf664,Company_248,DevTools,Pro,5,Retained,2587,5,2.4,0.6002,14,23.13,Low
A-db5e9e,Company_442,DevTools,Basic,4,Retained,3383,2,5.0,0.4529,1,23.12,Low
A-e2cd1b,Company_121,DevTools,Enterprise,15,Retained,3184,5,3.2,0.4941,25,23.1,Low
A-2edab2,Company_301,HealthTech,Enterprise,17,Retained,3383,4,0.75,0.5383,7,23.1,Low
A-a7bd4b,Company_363,Cybersecurity,Enterprise,5,Retained,2499,6,2.17,0.5837,20,23.09,Low
A-029f69,Company_129,Cybersecurity,Basic,3,Retained,4776,2,1.5,0.5457,7,22.95,Low
A-f3ff05,Company_44,FinTech,Enterprise,2,Retained,9552,3,2.33,0.5126,3,22.93,Low
A-10b8f2,Company_151,HealthTech,Basic,47,Retained,9353,3,4.33,0.493,16,22.92,Low
A-c16cf7,Company_377,EdTech,Pro,13,Retained,4776,3,2.33,0.4641,0,22.9,Low
A-d62e02,Company_420,Cybersecurity,Pro,6,Retained,5373,1,4.0,0.4558,18,22.87,Low
A-702032,Company_186,HealthTech,Pro,28,Retained,5572,4,1.5,0.4104,8,22.87,Low
A-09316c,Company_341,FinTech,Enterprise,70,Retained,13930,4,3.75,0.4738,2,22.85,Low
A-029f69,Company_129,Cybersecurity,Basic,3,Retained,4776,2,1.5,0.5457,3,22.83,Low
A-118f1c,Company_492,Cybersecurity,Pro,32,Retained,25472,1,3.0,0.2768,1,22.81,Low
A-8ae05d,Company_147,FinTech,Enterprise,86,Retained,17114,1,4.0,0.3693,4,22.8,Low
A-bad8c1,Company_34,FinTech,Basic,7,Retained,2646,1,4.0,0.4595,7,22.76,Low
A-354f12,Company_201,FinTech,Pro,1,Retained,6766,2,0.0,0.2739,4,22.75,Low
A-c16cf7,Company_377,EdTech,Pro,13,Retained,4776,3,2.33,0.4641,1,22.7,Low
A-ad64c6,Company_175,DevTools,Pro,12,Retained,5572,4,1.25,0.4192,5,22.55,Low
A-993085,Company_258,HealthTech,Basic,31,Retained,9751,4,1.75,0.5894,7,22.51,Low
A-c16101,Company_139,EdTech,Basic,7,Retained,4378,4,1.25,0.5819,2,22.51,Low
A-940b8b,Company_398,HealthTech,Basic,1,Retained,6368,3,2.67,0.442,23,22.46,Low
A-afa505,Company_157,DevTools,Basic,70,Retained,13930,4,1.5,0.5674,2,22.43,Low
A-029f69,Company_129,Cybersecurity,Basic,3,Retained,4776,2,1.5,0.5457,9,22.38,Low
A-40a557,Company_86,Cybersecurity,Pro,16,Retained,10945,7,1.57,0.4921,0,22.28,Low
A-31ab9a,Company_460,FinTech,Pro,3,Retained,5771,7,2.0,0.5156,6,22.26,Low
A-e08cd3,Company_475,FinTech,Pro,67,Retained,13333,8,2.0,0.6168,2,22.25,Low
A-c16101,Company_139,EdTech,Basic,7,Retained,4378,4,1.25,0.5819,3,22.24,Low
A-05d3b3,Company_213,DevTools,Basic,9,Retained,3781,6,2.17,0.6365,9,22.21,Low
A-8145a0,Company_33,Cybersecurity,Basic,2,Retained,4975,6,2.0,0.6668,2,22.2,Low
A-508199,Company_208,FinTech,Basic,19,Retained,3781,3,1.0,0.3308,25,22.19,Low
A-90a8c8,Company_249,FinTech,Pro,15,Retained,14527,4,3.25,0.427,0,22.18,Low
A-d4ac0e,Company_364,DevTools,Basic,18,Retained,5572,4,1.75,0.6695,22,21.96,Low
A-b54c01,Company_354,DevTools,Enterprise,29,Retained,1421,5,1.2,0.2784,0,21.95,Low
A-bc4d48,Company_343,EdTech,Pro,35,Retained,6965,6,3.5,0.4153,20,21.95,Low
A-671f31,Company_137,DevTools,Basic,59,Retained,11741,7,3.0,0.2253,15,21.94,Low
A-31ab9a,Company_460,FinTech,Pro,3,Retained,5771,7,2.0,0.5156,5,21.94,Low
A-09540c,Company_239,Cybersecurity,Basic,67,Retained,13333,2,4.5,0.3724,4,21.91,Low
A-6e7827,Company_372,DevTools,Basic,1,Retained,2450,2,3.5,0.3819,12,21.85,Low
A-118d55,Company_65,Cybersecurity,Basic,8,Retained,7164,5,2.6,0.5293,2,21.84,Low
A-de58ca,Company_212,HealthTech,Enterprise,15,Retained,12338,5,2.0,0.5044,34,21.75,Low
A-f5641b,Company_382,EdTech,Pro,31,Retained,8955,4,1.5,0.5431,2,21.75,Low
A-cb5333,Company_370,DevTools,Pro,33,Retained,6567,4,0.75,0.667,4,21.75,Low
A-ad64c6,Company_175,DevTools,Pro,12,Retained,5572,4,1.25,0.4192,4,21.7,Low
A-417d2f,Company_285,Cybersecurity,Pro,4,Retained,10149,6,2.17,0.7025,17,21.63,Low
A-702032,Company_186,HealthTech,Pro,28,Retained,5572,4,1.5,0.4104,6,21.61,Low
A-c42f1f,Company_21,HealthTech,Pro,8,Retained,2388,9,2.22,0.4787,19,21.6,Low
A-ffc04f,Company_307,EdTech,Pro,13,Retained,3781,7,2.57,0.8346,1,21.49,Low
A-7c83a1,Company_447,Cybersecurity,Pro,12,Retained,5174,4,4.0,0.5637,0,21.47,Low
A-342303,Company_294,EdTech,Pro,1,Retained,1372,3,3.0,0.0462,0,21.44,Low
A-034368,Company_353,EdTech,Enterprise,19,Retained,5572,5,1.6,0.3489,9,21.42,Low
A-b7724f,Company_320,HealthTech,Basic,1,Retained,1349,3,2.0,0.3722,9,21.41,Low
A-40906c,Company_235,EdTech,Basic,92,Retained,18308,5,3.0,0.6525,23,21.4,Low
A-aa9511,Company_203,DevTools,Pro,23,Retained,19303,2,2.0,0.49,0,21.35,Low
A-05f0e5,Company_40,FinTech,Basic,32,Retained,18308,4,3.0,0.5884,8,21.27,Low
A-3cc791,Company_423,EdTech,Enterprise,6,Retained,4378,6,2.83,0.5561,8,21.27,Low
A-4437e4,Company_192,Cybersecurity,Enterprise,3,Retained,3184,6,1.0,0.759,9,21.21,Low
A-bb1eaa,Company_468,Cybersecurity,Basic,21,Retained,4179,6,1.5,0.2505,2,21.19,Low
A-993085,Company_258,HealthTech,Basic,31,Retained,9751,4,1.75,0.5894,3,21.16,Low
A-157070,Company_85,FinTech,Pro,16,Retained,6965,3,1.0,0.5439,13,21.0,Low
A-751c58,Company_393,FinTech,Basic,15,Retained,5174,5,2.6,0.617,1,20.96,Low
A-65c341,Company_308,FinTech,Pro,11,Retained,16716,5,0.8,0.568,11,20.83,Low
A-9f2731,Company_24,FinTech,Enterprise,1,Retained,1617,0,0.0,0.3501,2,20.81,Low
A-b179bf,Company_348,Cybersecurity,Basic,43,Retained,8557,6,0.67,0.4362,1,20.8,Low
A-5247b3,Company_375,FinTech,Pro,16,Retained,3184,5,2.4,0.5836,7,20.77,Low
A-5247b3,Company_375,FinTech,Pro,16,Retained,3184,5,2.4,0.5836,7,20.77,Low
A-fda07f,Company_230,Cybersecurity,Basic,7,Retained,13731,5,2.4,0.6685,1,20.76,Low
A-4a267b,Company_451,FinTech,Pro,25,Retained,12537,4,3.25,0.5226,1,20.74,Low
A-fd9422,Company_263,Cybersecurity,Pro,58,Retained,11542,6,3.5,0.5505,23,20.66,Low
A-4ef964,Company_262,HealthTech,Pro,17,Retained,3430,3,2.67,0.5001,3,20.64,Low
A-ee42db,Company_77,EdTech,Enterprise,13,Retained,5635,4,0.75,0.4971,18,20.55,Low
A-5a215a,Company_358,EdTech,Enterprise,87,Retained,17313,4,3.0,0.6489,26,20.46,Low
A-484819,Company_109,HealthTech,Pro,18,Retained,5174,5,1.8,0.471,10,20.44,Low
A-a09355,Company_459,FinTech,Basic,14,Retained,6567,5,2.4,0.6222,2,20.43,Low
A-ccabf0,Company_471,HealthTech,Pro,1,Retained,11741,4,2.75,0.5698,11,20.42,Low
A-524364,Company_388,DevTools,Enterprise,3,Retained,8557,3,4.33,0.2832,14,20.38,Low
A-42b791,Company_464,FinTech,Pro,3,Retained,14925,3,2.67,0.2883,21,20.37,Low
A-b179bf,Company_348,Cybersecurity,Basic,43,Retained,8557,6,0.67,0.4362,0,20.32,Low
A-b179bf,Company_348,Cybersecurity,Basic,43,Retained,8557,6,0.67,0.4362,0,20.32,Low
A-0a282f,Company_2,DevTools,Basic,1,Retained,5771,3,4.67,0.5818,1,20.3,Low
A-1e6fc3,Company_434,EdTech,Pro,1,Retained,245,5,2.2,0.3835,3,20.27,Low
A-c16b88,Company_431,HealthTech,Enterprise,23,Retained,8955,3,1.0,0.4821,5,20.25,Low
A-bece89,Company_128,Cybersecurity,Pro,26,Retained,5174,4,3.0,0.2289,0,20.22,Low
A-34d880,Company_207,Cybersecurity,Enterprise,4,Retained,10547,5,3.0,0.5287,8,20.21,Low
A-bd4513,Company_205,DevTools,Enterprise,50,Retained,9950,3,4.67,0.473,1,20.19,Low
A-bd4513,Company_205,DevTools,Enterprise,50,Retained,9950,3,4.67,0.473,1,20.19,Low
A-d49cc5,Company_275,Cybersecurity,Basic,50,Retained,3675,4,2.25,0.5244,6,20.13,Low
A-fa3095,Company_174,FinTech,Basic,70,Retained,13930,5,2.0,0.6293,3,20.11,Low
A-378b99,Company_60,EdTech,Pro,8,Retained,3184,6,3.0,0.6482,1,20.11,Low
A-1b707d,Company_56,Cybersecurity,Enterprise,1,Retained,3781,3,0.0,0.4214,0,20.08,Low
A-1619f8,Company_183,DevTools,Pro,29,Retained,10945,3,1.67,0.4887,4,20.06,Low
A-b7724f,Company_320,HealthTech,Basic,1,Retained,1349,3,2.0,0.3722,4,20.04,Low
A-6dee43,Company_478,FinTech,Basic,3,Retained,15920,5,2.6,0.5013,5,20.01,Low
A-05f0e5,Company_40,FinTech,Basic,32,Retained,18308,4,3.0,0.5884,18,20.01,Low
A-53f4e3,Company_194,Cybersecurity,Enterprise,13,Retained,4557,5,2.4,0.4891,5,20.0,Low
A-832ec2,Company_19,FinTech,Enterprise,4,Retained,4378,3,2.67,0.5221,1,19.98,Low
A-337bc1,Company_424,Cybersecurity,Pro,30,Retained,6766,4,3.0,0.4963,3,19.95,Low
A-297a2d,Company_448,HealthTech,Pro,27,Retained,7164,2,1.5,0.3278,34,19.94,Low
A-2789e3,Company_268,FinTech,Enterprise,11,Retained,12139,4,3.0,0.6029,17,19.94,Low
A-ac85cd,Company_485,EdTech,Enterprise,53,Retained,12139,3,2.33,0.4785,2,19.94,Low
A-78f02b,Company_329,HealthTech,Enterprise,11,Retained,8771,4,3.0,0.3208,0,19.86,Low
A-78f02b,Company_329,HealthTech,Enterprise,11,Retained,8771,4,3.0,0.3208,0,19.86,Low
A-a865bd,Company_297,Cybersecurity,Pro,38,Retained,7562,2,1.5,0.2442,2,19.86,Low
A-e3bd71,Company_347,Cybersecurity,Basic,31,Retained,6169,4,2.0,0.5701,9,19.85,Low
A-337bc1,Company_424,Cybersecurity,Pro,30,Retained,6766,4,3.0,0.4963,4,19.84,Low
A-df10db,Company_143,DevTools,Enterprise,2,Retained,6567,2,3.0,0.5321,13,19.82,Low
A-6e7827,Company_372,DevTools,Basic,1,Retained,2450,2,3.5,0.3819,5,19.8,Low
A-a865bd,Company_297,Cybersecurity,Pro,38,Retained,7562,2,1.5,0.2442,5,19.76,Low
A-d40bf7,Company_11,FinTech,Basic,59,Retained,11741,2,5.0,0.4168,16,19.74,Low
A-b78bf8,Company_148,DevTools,Pro,33,Retained,9751,5,4.2,0.4445,0,19.68,Low
A-b7ef83,Company_474,Cybersecurity,Pro,1,Retained,8955,2,2.0,0.5252,1,19.65,Low
A-96215d,Company_318,FinTech,Enterprise,10,Retained,3184,1,3.0,0.3439,19,19.62,Low
A-5f2961,Company_284,HealthTech,Basic,4,Retained,3184,1,0.0,0.315,0,19.62,Low
A-9f2731,Company_24,FinTech,Enterprise,1,Retained,1617,0,0.0,0.3501,0,19.6,Low
A-b3fe05,Company_238,Cybersecurity,Pro,8,Retained,9950,4,1.5,0.5232,21,19.58,Low
A-9a532a,Company_333,HealthTech,Enterprise,11,Retained,6567,2,0.0,0.4196,20,19.57,Low
A-af0cd2,Company_204,Cybersecurity,Enterprise,19,Retained,1083,3,0.0,0.5515,9,19.54,Low
A-92a3af,Company_259,Cybersecurity,Enterprise,25,Retained,6965,4,2.0,0.6431,20,19.5,Low
A-296d7c,Company_182,DevTools,Enterprise,2,Retained,784,5,3.0,0.4991,11,19.49,Low
A-c1dfe1,Company_53,DevTools,Pro,26,Retained,8159,3,1.33,0.4313,9,19.46,Low
A-ac85cd,Company_485,EdTech,Enterprise,53,Retained,12139,3,2.33,0.4785,4,19.34,Low
A-a8d89d,Company_326,EdTech,Pro,13,Retained,15522,2,2.5,0.5025,1,19.21,Low
A-9b9fe9,Company_71,EdTech,Basic,5,Retained,9950,4,3.0,0.5804,11,19.1,Low
A-82861f,Company_350,DevTools,Basic,41,Retained,10547,5,3.2,0.4575,0,19.05,Low
A-9bfc9f,Company_228,DevTools,Pro,53,Retained,2940,6,1.67,0.4448,29,19.04,Low
A-3f9cc0,Company_359,HealthTech,Basic,22,Retained,5970,5,1.8,0.453,6,19.03,Low
A-5b051a,Company_181,Cybersecurity,Enterprise,22,Retained,1078,1,3.0,0.212,19,19.01,Low
A-3a5ad8,Company_94,HealthTech,Enterprise,9,Retained,13930,4,2.25,0.411,27,18.99,Low
A-a8b49c,Company_72,Cybersecurity,Basic,7,Retained,4378,1,4.0,0.4468,8,18.92,Low
A-bbe56f,Company_406,HealthTech,Enterprise,21,Retained,4179,4,3.0,0.2369,36,18.89,Low
A-df10db,Company_143,DevTools,Enterprise,2,Retained,6567,2,3.0,0.5321,11,18.72,Low
A-b7ef83,Company_474,Cybersecurity,Pro,1,Retained,8955,2,2.0,0.5252,0,18.67,Low
A-1b7577,Company_39,Cybersecurity,Pro,4,Retained,2009,5,3.2,0.6298,16,18.62,Low
A-e888d1,Company_102,Cybersecurity,Pro,14,Retained,3781,5,2.4,0.5676,20,18.55,Low
A-313be3,Company_136,EdTech,Enterprise,47,Retained,9353,4,1.25,0.5411,4,18.52,Low
A-6f8ad2,Company_57,EdTech,Basic,1,Retained,6965,4,3.25,0.6861,20,18.5,Low
A-3793ee,Company_332,Cybersecurity,Enterprise,49,Retained,9751,4,1.0,0.3684,2,18.45,Low
A-3b5cd1,Company_49,FinTech,Basic,13,Retained,6368,5,1.6,0.5646,10,18.44,Low
A-c9bb3e,Company_336,EdTech,Pro,5,Retained,6027,7,3.0,0.6409,6,18.44,Low
A-3b5cd1,Company_49,FinTech,Basic,13,Retained,6368,5,1.6,0.5646,11,18.44,Low
A-f45426,Company_172,HealthTech,Basic,9,Retained,9154,3,1.33,0.5528,3,18.4,Low
A-432483,Company_78,Cybersecurity,Pro,4,Retained,11940,1,0.0,0.4162,37,18.37,Low
A-ccabf0,Company_471,HealthTech,Pro,1,Retained,11741,4,2.75,0.5698,5,18.37,Low
A-ee42db,Company_77,EdTech,Enterprise,13,Retained,5635,4,0.75,0.4971,10,18.31,Low
A-dcc2f0,Company_309,FinTech,Basic,15,Retained,3184,2,0.0,0.571,8,18.31,Low
A-65c341,Company_308,FinTech,Pro,11,Retained,16716,5,0.8,0.568,2,18.3,Low
A-a09355,Company_459,FinTech,Basic,14,Retained,6567,5,2.4,0.6222,1,18.26,Low
A-592832,Company_10,Cybersecurity,Basic,18,Churned,8358,3,1.67,0.6889,0,18.24,Low
A-118d55,Company_65,Cybersecurity,Basic,8,Retained,7164,5,2.6,0.5293,1,18.22,Low
A-bbc346,Company_138,FinTech,Enterprise,19,Retained,8955,3,3.0,0.5366,2,18.21,Low
A-bbc346,Company_138,FinTech,Enterprise,19,Retained,8955,3,3.0,0.5366,2,18.21,Low
A-712533,Company_498,EdTech,Pro,18,Retained,3582,5,3.0,0.613,11,18.15,Low
A-3f9cc0,Company_359,HealthTech,Basic,22,Retained,5970,5,1.8,0.453,2,18.14,Low
A-7cfe77,Company_367,DevTools,Pro,69,Retained,3381,7,2.0,0.3318,5,18.14,Low
A-39ddf4,Company_435,EdTech,Enterprise,40,Retained,7960,5,3.4,0.4973,0,18.13,Low
A-82d8a6,Company_444,Cybersecurity,Basic,5,Retained,13532,5,1.4,0.583,1,18.1,Low
A-7c5768,Company_407,HealthTech,Enterprise,3,Retained,1178,5,2.4,0.5061,24,18.05,Low
A-b2af2e,Company_227,Cybersecurity,Enterprise,5,Retained,1026,2,4.0,0.2897,2,18.01,Low
A-310452,Company_321,DevTools,Enterprise,9,Retained,9950,5,3.6,0.3185,0,17.98,Low
A-310452,Company_321,DevTools,Enterprise,9,Retained,9950,5,3.6,0.3185,0,17.98,Low
A-54ecc2,Company_289,Cybersecurity,Enterprise,4,Retained,5970,5,2.0,0.5803,17,17.91,Low
A-c58f49,Company_480,EdTech,Enterprise,70,Retained,13930,3,1.67,0.3768,0,17.85,Low
A-dcc3f1,Company_314,HealthTech,Pro,21,Retained,4378,9,2.11,0.6431,9,17.84,Low
A-558c72,Company_438,FinTech,Basic,12,Retained,2985,4,2.25,0.3193,17,17.76,Low
A-2edab2,Company_301,HealthTech,Enterprise,17,Retained,3383,4,0.75,0.5383,1,17.75,Low
A-9affe6,Company_401,Cybersecurity,Pro,7,Retained,1421,3,1.0,0.4449,9,17.72,Low
A-ccb686,Company_491,DevTools,Basic,10,Retained,10547,1,4.0,0.4818,10,17.65,Low
A-c1dfe1,Company_53,DevTools,Pro,26,Retained,8159,3,1.33,0.4313,1,17.64,Low
A-bb3bd4,Company_340,HealthTech,Basic,23,Retained,4577,11,2.64,0.4769,5,17.62,Low
A-8bde0c,Company_287,DevTools,Basic,12,Retained,5572,3,2.67,0.5719,1,17.58,Low
A-ee42db,Company_77,EdTech,Enterprise,13,Retained,5635,4,0.75,0.4971,5,17.56,Low
A-c9bb3e,Company_336,EdTech,Pro,5,Retained,6027,7,3.0,0.6409,4,17.45,Low
A-37f969,Company_150,HealthTech,Enterprise,30,Retained,5970,5,2.2,0.4782,3,17.43,Low
A-ae052e,Company_132,FinTech,Basic,39,Retained,1960,4,2.0,0.407,0,17.42,Low
A-22f2df,Company_106,DevTools,Basic,3,Retained,2989,5,1.0,0.4435,14,17.39,Low
A-5ed98d,Company_479,DevTools,Basic,24,Retained,4776,5,1.0,0.3879,3,17.38,Low
A-5ed98d,Company_479,DevTools,Basic,24,Retained,4776,5,1.0,0.3879,3,17.38,Low
A-9b9fe9,Company_71,EdTech,Basic,5,Retained,9950,4,3.0,0.5804,2,17.37,Low
A-86cdb4,Company_250,DevTools,Basic,2,Retained,988,5,2.6,0.5548,17,17.37,Low
A-e5d6ab,Company_7,EdTech,Pro,3,Retained,4179,3,0.0,0.4166,12,17.34,Low
A-eb1312,Company_322,FinTech,Pro,25,Retained,4975,1,5.0,0.4332,0,17.29,Low
A-eb1312,Company_322,FinTech,Pro,25,Retained,4975,1,5.0,0.4332,0,17.29,Low
A-00bed1,Company_306,Cybersecurity,Basic,28,Retained,9751,4,1.0,0.5116,1,17.28,Low
A-1f0ac7,Company_3,HealthTech,Basic,24,Retained,4776,2,0.0,0.3357,14,17.26,Low
A-54ecc2,Company_289,Cybersecurity,Enterprise,4,Retained,5970,5,2.0,0.5803,15,17.23,Low
A-54ecc2,Company_289,Cybersecurity,Enterprise,4,Retained,5970,5,2.0,0.5803,15,17.23,Low
A-1619f8,Company_183,DevTools,Pro,29,Retained,10945,3,1.67,0.4887,0,17.22,Low
A-dcc3f1,Company_314,HealthTech,Pro,21,Retained,4378,9,2.11,0.6431,6,17.22,Low
A-856b1e,Company_161,FinTech,Basic,19,Retained,1764,5,0.0,0.2925,28,17.18,Low
A-9f9299,Company_133,FinTech,Enterprise,28,Retained,5572,5,1.0,0.7092,13,17.17,Low
A-c58f49,Company_480,EdTech,Enterprise,70,Retained,13930,3,1.67,0.3768,1,17.16,Low
A-c58f49,Company_480,EdTech,Enterprise,70,Retained,13930,3,1.67,0.3768,1,17.16,Low
A-5b1bcd,Company_166,DevTools,Pro,73,Retained,14527,4,2.25,0.6247,10,17.15,Low
A-7cfe77,Company_367,DevTools,Pro,69,Retained,3381,7,2.0,0.3318,1,17.12,Low
A-684255,Company_20,FinTech,Enterprise,9,Retained,2786,4,3.5,0.575,2,17.12,Low
A-8bde0c,Company_287,DevTools,Basic,12,Retained,5572,3,2.67,0.5719,0,16.88,Low
A-484819,Company_109,HealthTech,Pro,18,Retained,5174,5,1.8,0.471,4,16.88,Low
A-0be015,Company_454,FinTech,Pro,19,Retained,456,7,3.0,0.4147,1,16.86,Low
A-328bd0,Company_237,HealthTech,Enterprise,18,Retained,3582,5,2.2,0.5135,33,16.82,Low
A-50bb9f,Company_373,Cybersecurity,Pro,2,Retained,6965,7,1.71,0.5199,1,16.8,Low
A-bb3bd4,Company_340,HealthTech,Basic,23,Retained,4577,11,2.64,0.4769,4,16.8,Low
A-ef84cf,Company_274,EdTech,Enterprise,8,Retained,6766,5,2.6,0.4614,8,16.8,Low
A-ae052e,Company_132,FinTech,Basic,39,Retained,1960,4,2.0,0.407,15,16.77,Low
A-f5641b,Company_382,EdTech,Pro,31,Retained,8955,4,1.5,0.5431,0,16.71,Low
A-3b5cd1,Company_49,FinTech,Basic,13,Retained,6368,5,1.6,0.5646,4,16.67,Low
A-544d0a,Company_153,DevTools,Basic,2,Retained,12736,2,4.0,0.4549,22,16.65,Low
A-98a59a,Company_80,FinTech,Enterprise,56,Retained,11144,3,3.0,0.4208,13,16.62,Low
A-ef84cf,Company_274,EdTech,Enterprise,8,Retained,6766,5,2.6,0.4614,5,16.58,Low
A-4e0e85,Company_409,DevTools,Enterprise,6,Retained,1862,2,2.5,0.2726,6,16.56,Low
A-a33200,Company_352,HealthTech,Basic,29,Retained,5771,3,3.0,0.4853,0,16.56,Low
A-81edc3,Company_236,Cybersecurity,Basic,5,Retained,8756,3,2.67,0.5975,13,16.55,Low
A-71615e,Company_167,EdTech,Basic,15,Retained,11940,1,0.0,0.4405,1,16.55,Low
A-6965e1,Company_379,DevTools,Basic,13,Retained,7562,3,1.0,0.4947,0,16.54,Low
A-6965e1,Company_379,DevTools,Basic,13,Retained,7562,3,1.0,0.4947,0,16.54,Low
A-6965e1,Company_379,DevTools,Basic,13,Retained,7562,3,1.0,0.4947,0,16.54,Low
A-c70870,Company_253,Cybersecurity,Basic,31,Retained,33830,5,2.4,0.4323,1,16.43,Low
A-1b9609,Company_5,EdTech,Enterprise,4,Retained,6965,4,0.75,0.4776,2,16.35,Low
A-dfbd31,Company_190,DevTools,Enterprise,14,Retained,12338,6,2.83,0.6129,12,16.34,Low
A-ef84cf,Company_274,EdTech,Enterprise,8,Retained,6766,5,2.6,0.4614,6,16.34,Low
A-1619f8,Company_183,DevTools,Pro,29,Retained,10945,3,1.67,0.4887,1,16.34,Low
A-4e0e85,Company_409,DevTools,Enterprise,6,Retained,1862,2,2.5,0.2726,2,16.3,Low
A-50bb9f,Company_373,Cybersecurity,Pro,2,Retained,6965,7,1.71,0.5199,2,16.29,Low
A-ccb686,Company_491,DevTools,Basic,10,Retained,10547,1,4.0,0.4818,9,16.29,Low
A-463db0,Company_16,HealthTech,Basic,15,Retained,8358,6,2.83,0.4511,0,16.27,Low
A-443f6f,Company_304,Cybersecurity,Basic,19,Retained,3781,4,3.5,0.5045,15,16.26,Low
A-3d957b,Company_311,HealthTech,Pro,14,Retained,2786,3,1.0,0.2292,1,16.23,Low
A-0cc442,Company_198,EdTech,Basic,45,Retained,10547,3,1.0,0.5687,3,16.2,Low
A-309e54,Company_371,DevTools,Pro,15,Retained,11741,5,0.6,0.5479,0,16.12,Low
A-313be3,Company_136,EdTech,Enterprise,47,Retained,9353,4,1.25,0.5411,0,16.09,Low
A-a45270,Company_37,HealthTech,Enterprise,3,Retained,4975,4,2.0,0.6321,4,16.02,Low
A-37f969,Company_150,HealthTech,Enterprise,30,Retained,5970,5,2.2,0.4782,8,15.98,Low
A-dbc825,Company_252,EdTech,Enterprise,19,Retained,10945,6,1.33,0.6789,0,15.93,Low
A-dbc825,Company_252,EdTech,Enterprise,19,Retained,10945,6,1.33,0.6789,0,15.93,Low
A-781cc0,Company_499,EdTech,Pro,12,Retained,4378,4,2.75,0.6141,3,15.89,Low
A-ee42db,Company_77,EdTech,Enterprise,13,Retained,5635,4,0.75,0.4971,1,15.89,Low
A-18793f,Company_488,EdTech,Basic,148,Retained,29452,5,3.8,0.5971,0,15.84,Low
A-c1e51e,Company_173,FinTech,Basic,3,Retained,10945,5,3.2,0.5265,2,15.83,Low
A-81edc3,Company_236,Cybersecurity,Basic,5,Retained,8756,3,2.67,0.5975,10,15.78,Low
A-0cc442,Company_198,EdTech,Basic,45,Retained,10547,3,1.0,0.5687,2,15.7,Low
A-0cc442,Company_198,EdTech,Basic,45,Retained,10547,3,1.0,0.5687,2,15.7,Low
A-17939a,Company_162,HealthTech,Basic,1,Retained,2587,7,2.57,0.4643,14,15.69,Low
A-ae052e,Company_132,FinTech,Basic,39,Retained,1960,4,2.0,0.407,14,15.69,Low
A-9077b0,Company_41,HealthTech,Basic,2,Retained,2786,3,4.33,0.4606,18,15.63,Low
A-d792a6,Company_486,DevTools,Enterprise,4,Retained,12935,5,1.6,0.6104,18,15.54,Low
A-9f9299,Company_133,FinTech,Enterprise,28,Retained,5572,5,1.0,0.7092,6,15.46,Low
A-ae052e,Company_132,FinTech,Basic,39,Retained,1960,4,2.0,0.407,13,15.43,Low
A-81edc3,Company_236,Cybersecurity,Basic,5,Retained,8756,3,2.67,0.5975,4,15.41,Low
A-e351e1,Company_62,EdTech,Enterprise,33,Retained,1617,4,3.75,0.4023,2,15.41,Low
A-56962b,Company_177,EdTech,Enterprise,163,Retained,32437,4,0.75,0.2867,4,15.41,Low
A-8ae3fc,Company_495,DevTools,Pro,9,Retained,1666,4,1.75,0.4877,1,15.4,Low
A-158f4e,Company_180,FinTech,Enterprise,61,Retained,12139,5,2.6,0.4882,21,15.38,Low
A-adc1f3,Company_98,Cybersecurity,Pro,2,Retained,9950,3,2.33,0.4324,19,15.27,Low
A-37f969,Company_150,HealthTech,Enterprise,30,Retained,5970,5,2.2,0.4782,12,15.26,Low
A-855a48,Company_389,EdTech,Pro,14,Retained,11940,5,2.2,0.5197,7,15.15,Low
A-ccb686,Company_491,DevTools,Basic,10,Retained,10547,1,4.0,0.4818,5,15.15,Low
A-58b9ff,Company_425,DevTools,Enterprise,2,Retained,15124,2,2.0,0.4625,4,15.13,Low
A-1b9609,Company_5,EdTech,Enterprise,4,Retained,6965,4,0.75,0.4776,3,15.12,Low
A-2ebb4b,Company_334,HealthTech,Basic,41,Retained,12935,2,3.0,0.4046,2,15.1,Low
A-eb7c38,Company_47,DevTools,Enterprise,5,Retained,17910,5,2.6,0.6123,0,15.09,Low
A-5a3eb9,Company_283,DevTools,Enterprise,18,Retained,3582,3,0.0,0.58,9,15.03,Low
A-2b9d3e,Company_319,EdTech,Enterprise,1,Retained,1421,3,1.67,0.451,33,15.02,Low
A-3a7284,Company_93,FinTech,Enterprise,31,Retained,7761,3,2.33,0.5567,1,15.01,Low
A-0b0d6d,Company_267,DevTools,Pro,3,Retained,10348,5,1.6,0.5339,0,14.98,Low
A-0aaf6e,Company_114,FinTech,Enterprise,3,Retained,17512,5,1.6,0.5143,21,14.97,Low
A-37f969,Company_150,HealthTech,Enterprise,30,Retained,5970,5,2.2,0.4782,13,14.89,Low
A-e351e1,Company_62,EdTech,Enterprise,33,Retained,1617,4,3.75,0.4023,0,14.87,Low
A-5a3eb9,Company_283,DevTools,Enterprise,18,Retained,3582,3,0.0,0.58,8,14.87,Low
A-3f9cc0,Company_359,HealthTech,Basic,22,Retained,5970,5,1.8,0.453,1,14.86,Low
A-ac14bb,Company_15,FinTech,Enterprise,21,Retained,14129,2,2.0,0.4892,11,14.85,Low
A-56962b,Company_177,EdTech,Enterprise,163,Retained,32437,4,0.75,0.2867,3,14.82,Low
A-f1f639,Company_296,EdTech,Basic,2,Retained,1791,7,3.43,0.2693,13,14.77,Low
A-e7a1e2,Company_295,Cybersecurity,Enterprise,3,Retained,8756,1,4.0,0.5338,3,14.75,Low
A-8e47ca,Company_191,HealthTech,Pro,19,Retained,6169,5,1.6,0.4981,10,14.7,Low
A-2446e3,Company_241,EdTech,Pro,27,Retained,5373,3,4.0,0.4784,6,14.67,Low
A-2446e3,Company_241,EdTech,Pro,27,Retained,5373,3,4.0,0.4784,6,14.67,Low
A-39868b,Company_422,FinTech,Pro,9,Retained,1791,6,2.83,0.5143,2,14.64,Low
A-e7a1e2,Company_295,Cybersecurity,Enterprise,3,Retained,8756,1,4.0,0.5338,2,14.6,Low
A-ac14bb,Company_15,FinTech,Enterprise,21,Retained,14129,2,2.0,0.4892,12,14.59,Low
A-922109,Company_243,Cybersecurity,Pro,3,Retained,8159,3,1.0,0.6484,10,14.57,Low
A-1b9609,Company_5,EdTech,Enterprise,4,Retained,6965,4,0.75,0.4776,13,14.51,Low
A-8e47ca,Company_191,HealthTech,Pro,19,Retained,6169,5,1.6,0.4981,7,14.5,Low
A-158f4e,Company_180,FinTech,Enterprise,61,Retained,12139,5,2.6,0.4882,0,14.48,Low
A-854864,Company_38,FinTech,Enterprise,20,Retained,4459,5,4.8,0.3359,0,14.46,Low
A-e43bf7,Company_215,Cybersecurity,Pro,44,Retained,13930,5,2.4,0.4069,3,14.42,Low
A-e351e1,Company_62,EdTech,Enterprise,33,Retained,1617,4,3.75,0.4023,1,14.36,Low
A-39b19f,Company_176,FinTech,Enterprise,1,Retained,8159,6,2.83,0.5068,1,14.29,Low
A-68f37c,Company_202,HealthTech,Basic,4,Retained,24079,5,0.8,0.5868,17,14.29,Low
A-e888d1,Company_102,Cybersecurity,Pro,14,Retained,3781,5,2.4,0.5676,5,14.28,Low
A-e888d1,Company_102,Cybersecurity,Pro,14,Retained,3781,5,2.4,0.5676,2,14.27,Low
A-781cc0,Company_499,EdTech,Pro,12,Retained,4378,4,2.75,0.6141,1,14.26,Low
A-e5d6ab,Company_7,EdTech,Pro,3,Retained,4179,3,0.0,0.4166,0,14.26,Low
A-5a3eb9,Company_283,DevTools,Enterprise,18,Retained,3582,3,0.0,0.58,7,14.19,Low
A-779e4e,Company_193,HealthTech,Basic,5,Retained,11542,5,3.2,0.4266,38,14.08,Low
A-c7ffc2,Company_392,Cybersecurity,Pro,30,Retained,6468,2,1.5,0.5002,2,14.0,Low
A-4bfa33,Company_251,Cybersecurity,Basic,8,Retained,3528,4,2.75,0.293,0,13.96,Low
A-4bfa33,Company_251,Cybersecurity,Basic,8,Retained,3528,4,2.75,0.293,0,13.96,Low
A-4bfa33,Company_251,Cybersecurity,Basic,8,Retained,3528,4,2.75,0.293,0,13.96,Low
A-1e1b80,Company_416,FinTech,Enterprise,50,Retained,9950,6,2.67,0.6784,14,13.95,Low
A-684255,Company_20,FinTech,Enterprise,9,Retained,2786,4,3.5,0.575,0,13.92,Low
A-e7a1e2,Company_295,Cybersecurity,Enterprise,3,Retained,8756,1,4.0,0.5338,5,13.79,Low
A-f25509,Company_92,EdTech,Enterprise,32,Retained,6368,6,2.33,0.3605,1,13.78,Low
A-c7ffc2,Company_392,Cybersecurity,Pro,30,Retained,6468,2,1.5,0.5002,9,13.75,Low
A-f25509,Company_92,EdTech,Enterprise,32,Retained,6368,6,2.33,0.3605,7,13.72,Low
A-922109,Company_243,Cybersecurity,Pro,3,Retained,8159,3,1.0,0.6484,6,13.71,Low
A-87aa7b,Company_433,HealthTech,Pro,24,Retained,4776,3,0.0,0.5236,7,13.71,Low
A-d42431,Company_378,FinTech,Enterprise,22,Retained,4378,4,2.0,0.4382,4,13.6,Low
A-f1f639,Company_296,EdTech,Basic,2,Retained,1791,7,3.43,0.2693,7,13.6,Low
A-86fc1d,Company_328,DevTools,Basic,26,Retained,5572,5,1.6,0.4569,0,13.55,Low
A-c62e55,Company_315,EdTech,Basic,1,Retained,2985,4,3.0,0.3741,37,13.4,Low
A-f45426,Company_172,HealthTech,Basic,9,Retained,9154,3,1.33,0.5528,0,13.33,Low
A-f51f16,Company_282,HealthTech,Enterprise,1,Retained,7761,4,1.5,0.5494,11,13.29,Low
A-2ebb4b,Company_334,HealthTech,Basic,41,Retained,12935,2,3.0,0.4046,3,13.28,Low
A-2ebb4b,Company_334,HealthTech,Basic,41,Retained,12935,2,3.0,0.4046,19,13.2,Low
A-67be94,Company_276,EdTech,Enterprise,26,Retained,10348,5,1.6,0.4748,13,13.18,Low
A-0f7d77,Company_457,FinTech,Pro,3,Retained,1393,5,2.0,0.4228,0,13.17,Low
A-39868b,Company_422,FinTech,Pro,9,Retained,1791,6,2.83,0.5143,1,13.08,Low
A-65aeb5,Company_120,DevTools,Pro,9,Retained,12537,2,2.5,0.4194,1,13.01,Low
A-0cc442,Company_198,EdTech,Basic,45,Retained,10547,3,1.0,0.5687,0,12.99,Low
A-d77f4c,Company_470,DevTools,Pro,4,Retained,18706,2,4.0,0.4702,10,12.97,Low
A-1e1b80,Company_416,FinTech,Enterprise,50,Retained,9950,6,2.67,0.6784,13,12.97,Low
A-5a92e7,Company_413,HealthTech,Pro,4,Retained,2107,7,3.14,0.8487,5,12.94,Low
A-f51f16,Company_282,HealthTech,Enterprise,1,Retained,7761,4,1.5,0.5494,6,12.92,Low
A-016043,Company_405,EdTech,Basic,4,Retained,4776,3,1.33,0.4136,0,12.91,Low
A-67be94,Company_276,EdTech,Enterprise,26,Retained,10348,5,1.6,0.4748,14,12.91,Low
A-9f0b68,Company_489,EdTech,Basic,10,Retained,6766,3,1.0,0.5529,3,12.89,Low
A-8e47ca,Company_191,HealthTech,Pro,19,Retained,6169,5,1.6,0.4981,3,12.88,Low
A-f25509,Company_92,EdTech,Enterprise,32,Retained,6368,6,2.33,0.3605,2,12.67,Low
A-625d0b,Company_290,EdTech,Basic,9,Retained,2058,5,0.6,0.5193,18,12.61,Low
A-5a92e7,Company_413,HealthTech,Pro,4,Retained,2107,7,3.14,0.8487,0,12.6,Low
A-157070,Company_85,FinTech,Pro,16,Retained,6965,3,1.0,0.5439,1,12.59,Low
A-c1e51e,Company_173,FinTech,Basic,3,Retained,10945,5,3.2,0.5265,1,12.57,Low
A-94f8c9,Company_51,HealthTech,Basic,13,Retained,7164,3,3.33,0.5114,1,12.57,Low
A-d77f4c,Company_470,DevTools,Pro,4,Retained,18706,2,4.0,0.4702,14,12.48,Low
A-526d93,Company_66,HealthTech,Basic,43,Retained,9751,5,1.4,0.5143,2,12.39,Low
A-d77f4c,Company_470,DevTools,Pro,4,Retained,18706,2,4.0,0.4702,12,12.37,Low
A-1e1b80,Company_416,FinTech,Enterprise,50,Retained,9950,6,2.67,0.6784,0,12.31,Low
A-faa28c,Company_91,HealthTech,Enterprise,48,Retained,9552,4,3.5,0.443,6,12.13,Low
A-65aeb5,Company_120,DevTools,Pro,9,Retained,12537,2,2.5,0.4194,10,12.07,Low
A-68f37c,Company_202,HealthTech,Basic,4,Retained,24079,5,0.8,0.5868,10,11.98,Low
A-e1462e,Company_217,FinTech,Basic,15,Retained,5771,2,3.5,0.3698,6,11.96,Low
A-dec005,Company_445,HealthTech,Pro,21,Retained,10746,2,1.5,0.4433,13,11.92,Low
A-20736a,Company_271,EdTech,Enterprise,50,Retained,12736,4,3.75,0.3557,0,11.89,Low
A-bb1486,Company_265,HealthTech,Basic,41,Retained,3381,3,1.0,0.3808,0,11.82,Low
A-bb1486,Company_265,HealthTech,Basic,41,Retained,3381,3,1.0,0.3808,0,11.82,Low
A-eb7fac,Company_28,DevTools,Enterprise,7,Retained,27064,4,1.0,0.5492,8,11.78,Low
A-68f37c,Company_202,HealthTech,Basic,4,Retained,24079,5,0.8,0.5868,11,11.78,Low
A-dfbd31,Company_190,DevTools,Enterprise,14,Retained,12338,6,2.83,0.6129,0,11.75,Low
A-712426,Company_155,HealthTech,Enterprise,9,Retained,2587,6,3.67,0.6601,1,11.73,Low
A-9f0b68,Company_489,EdTech,Basic,10,Retained,6766,3,1.0,0.5529,6,11.71,Low
A-5c9849,Company_362,EdTech,Basic,19,Retained,18109,4,0.0,0.5406,0,11.66,Low
A-c43359,Company_83,FinTech,Pro,38,Retained,7562,3,1.33,0.4703,1,11.66,Low
A-51ec1b,Company_247,DevTools,Enterprise,7,Retained,3582,3,3.33,0.4496,1,11.65,Low
A-526d93,Company_66,HealthTech,Basic,43,Retained,9751,5,1.4,0.5143,5,11.56,Low
A-faa28c,Company_91,HealthTech,Enterprise,48,Retained,9552,4,3.5,0.443,3,11.35,Low
A-c43359,Company_83,FinTech,Pro,38,Retained,7562,3,1.33,0.4703,0,11.34,Low
A-2e4581,Company_0,EdTech,Basic,9,Retained,5771,2,1.5,0.3972,1,11.31,Low
A-2e4581,Company_0,EdTech,Basic,9,Retained,5771,2,1.5,0.3972,1,11.31,Low
A-d42431,Company_378,FinTech,Enterprise,22,Retained,4378,4,2.0,0.4382,0,11.28,Low
A-68f37c,Company_202,HealthTech,Basic,4,Retained,24079,5,0.8,0.5868,6,11.14,Low
A-1986ca,Company_197,HealthTech,Pro,20,Retained,6169,7,2.43,0.4671,37,11.0,Low
A-e19ff6,Company_411,Cybersecurity,Enterprise,1,Retained,1960,3,4.67,0.4593,10,10.97,Low
A-396e5f,Company_30,Cybersecurity,Enterprise,2,Retained,2597,5,0.8,0.5616,1,10.86,Low
A-df1e44,Company_323,Cybersecurity,Enterprise,12,Retained,3087,2,2.5,0.3812,7,10.69,Low
A-e1462e,Company_217,FinTech,Basic,15,Retained,5771,2,3.5,0.3698,20,10.67,Low
A-5790f4,Company_446,FinTech,Pro,1,Retained,12537,4,1.0,0.3838,0,10.66,Low
A-d792a6,Company_486,DevTools,Enterprise,4,Retained,12935,5,1.6,0.6104,7,10.66,Low
A-5790f4,Company_446,FinTech,Pro,1,Retained,12537,4,1.0,0.3838,0,10.66,Low
A-5790f4,Company_446,FinTech,Pro,1,Retained,12537,4,1.0,0.3838,0,10.66,Low
A-526d93,Company_66,HealthTech,Basic,43,Retained,9751,5,1.4,0.5143,3,10.63,Low
A-df1e44,Company_323,Cybersecurity,Enterprise,12,Retained,3087,2,2.5,0.3812,8,10.53,Low
A-cc1d8d,Company_440,FinTech,Pro,5,Retained,1596,5,1.8,0.633,0,10.45,Low
A-cc1d8d,Company_440,FinTech,Pro,5,Retained,1596,5,1.8,0.633,0,10.45,Low
A-cc102e,Company_443,HealthTech,Enterprise,13,Retained,2985,4,3.25,0.4216,7,10.44,Low
A-cc102e,Company_443,HealthTech,Enterprise,13,Retained,2985,4,3.25,0.4216,7,10.44,Low
A-e19ff6,Company_411,Cybersecurity,Enterprise,1,Retained,1960,3,4.67,0.4593,8,10.4,Low
A-712426,Company_155,HealthTech,Enterprise,9,Retained,2587,6,3.67,0.6601,0,10.27,Low
A-712426,Company_155,HealthTech,Enterprise,9,Retained,2587,6,3.67,0.6601,0,10.27,Low
A-241e75,Company_242,EdTech,Enterprise,3,Retained,2254,4,2.25,0.3911,3,10.26,Low
A-96bbc6,Company_342,Cybersecurity,Enterprise,39,Retained,11144,3,3.33,0.494,7,10.22,Low
A-241e75,Company_242,EdTech,Enterprise,3,Retained,2254,4,2.25,0.3911,5,10.2,Low
A-0a62f5,Company_381,FinTech,Pro,16,Retained,3184,2,0.0,0.3181,3,9.97,Low
A-0a62f5,Company_381,FinTech,Pro,16,Retained,3184,2,0.0,0.3181,3,9.97,Low
A-0a62f5,Company_381,FinTech,Pro,16,Retained,3184,2,0.0,0.3181,2,9.93,Low
A-7c6b6b,Company_223,FinTech,Basic,6,Retained,1372,5,2.6,0.3184,0,9.89,Low
A-202b67,Company_305,HealthTech,Pro,11,Retained,5771,4,3.5,0.4123,5,9.72,Low
A-462d45,Company_13,Cybersecurity,Enterprise,11,Retained,10348,4,1.0,0.498,4,9.7,Low
A-e19ff6,Company_411,Cybersecurity,Enterprise,1,Retained,1960,3,4.67,0.4593,5,9.66,Low
A-96bbc6,Company_342,Cybersecurity,Enterprise,39,Retained,11144,3,3.33,0.494,6,9.41,Low
A-956988,Company_14,EdTech,Enterprise,1,Retained,10945,2,1.5,0.4276,1,9.22,Low
A-96bbc6,Company_342,Cybersecurity,Enterprise,39,Retained,11144,3,3.33,0.494,1,8.99,Low
A-c37601,Company_48,EdTech,Basic,6,Retained,10746,4,2.75,0.4541,1,8.9,Low
A-956988,Company_14,EdTech,Enterprise,1,Retained,10945,2,1.5,0.4276,0,8.41,Low
A-cc102e,Company_443,HealthTech,Enterprise,13,Retained,2985,4,3.25,0.4216,0,8.26,Low
A-0a62f5,Company_381,FinTech,Pro,16,Retained,3184,2,0.0,0.3181,0,8.17,Low
A-0a62f5,Company_381,FinTech,Pro,16,Retained,3184,2,0.0,0.3181,0,8.17,Low
A-202b67,Company_305,HealthTech,Pro,11,Retained,5771,4,3.5,0.4123,0,8.15,Low
A-87aa7b,Company_433,HealthTech,Pro,24,Retained,4776,3,0.0,0.5236,1,7.93,Low
A-87aa7b,Company_433,HealthTech,Pro,24,Retained,4776,3,0.0,0.5236,0,7.66,Low
A-fd7ad3,Company_100,Cybersecurity,Enterprise,1,Retained,2388,8,3.12,0.6698,1,6.58,Low
A-fd7ad3,Company_100,Cybersecurity,Enterprise,1,Retained,2388,8,3.12,0.6698,1,6.58,Low
A-e51ec7,Company_113,FinTech,Enterprise,2,Retained,16517,3,1.67,0.4465,3,6.45,Low
A-fd7ad3,Company_100,Cybersecurity,Enterprise,1,Retained,2388,8,3.12,0.6698,0,6.41,Low
A-fd7ad3,Company_100,Cybersecurity,Enterprise,1,Retained,2388,8,3.12,0.6698,0,6.41,Low
A-e40f45,Company_317,HealthTech,Pro,21,Retained,4179,7,1.86,0.5101,6,6.29,Low
A-e51ec7,Company_113,FinTech,Enterprise,2,Retained,16517,3,1.67,0.4465,6,6.15,Low
A-e51ec7,Company_113,FinTech,Enterprise,2,Retained,16517,3,1.67,0.4465,4,6.08,Low
A-6da850,Company_293,FinTech,Pro,5,Retained,7363,5,0.8,0.5543,12,5.23,Low
A-533452,Company_279,DevTools,Pro,9,Retained,5174,4,2.0,0.5199,1,4.94,Low
A-533452,Company_279,DevTools,Pro,9,Retained,5174,4,2.0,0.5199,0,4.77,Low
A-533452,Company_279,DevTools,Pro,9,Retained,5174,4,2.0,0.5199,0,4.77,Low
A-533452,Company_279,DevTools,Pro,9,Retained,5174,4,2.0,0.5199,0,4.77,Low
A-6da850,Company_293,FinTech,Pro,5,Retained,7363,5,0.8,0.5543,11,4.73,Low
A-6da850,Company_293,FinTech,Pro,5,Retained,7363,5,0.8,0.5543,3,4.64,Low
